,Catégorie,Pourcentage
0,Audessus de 200 min,0.39461278172098074
1,Endessous de 200 min,99.60538721827902
